,Product Name,Prices,Description,Reviews
0,"Apple iPhone 16 Pro Max (White Titanium, 1 TB)","₹1,84,900","1 TB ROM17.53 cm (6.9 inch) Super Retina XDR Display48MP + 48MP + 12MP | 12MP Front CameraA18 Pro Chip, 6 Core Processor Processor1 Year Warranty for Phone and 6 Months Warranty for In-Box Accessories",4.6
1,"Apple iPhone 16 Pro Max (Desert Titanium, 1 TB)","₹1,84,900","1 TB ROM17.53 cm (6.9 inch) Super Retina XDR Display48MP + 48MP + 12MP | 12MP Front CameraA18 Pro Chip, 6 Core Processor Processor1 Year Warranty for Phone and 6 Months Warranty for In-Box Accessories",4.6
2,"Apple iPhone 16 Pro Max (White Titanium, 512 GB)","₹1,64,900","512 GB ROM17.53 cm (6.9 inch) Super Retina XDR Display48MP + 48MP + 12MP | 12MP Front CameraA18 Pro Chip, 6 Core Processor Processor1 Year Warranty for Phone and 6 Months Warranty for In-Box Accessories",4.6
3,"Apple iPhone 16 Pro Max (Natural Titanium, 1 TB)","₹1,84,900","1 TB ROM17.53 cm (6.9 inch) Super Retina XDR Display48MP + 48MP + 12MP | 12MP Front CameraA18 Pro Chip, 6 Core Processor Processor1 Year Warranty for Phone and 6 Months Warranty for In-Box Accessories",4.6
4,"(Refurbished) POCO X5 Pro 5G (Astral Black, 256 GB)","₹18,999",Grade: Refurbished - SuperbCompatible Charger & Cable8 GB RAM | 256 GB ROM |6.67 inch Full HD+ Display108MP Rear Camera | 16MP Front Camera5000 mAh BatteryQualcomm Snapdragon 778G ProcessorSeller warranty of 1 Year,4.6
5,"Apple iPhone 14 Pro (Silver, 1 TB)","₹1,69,900","1 TB ROM15.49 cm (6.1 inch) Super Retina XDR Display48MP + 12MP + 12MP | 12MP Front CameraA16 Bionic Chip, 6 Core Processor Processor1 Year Warranty for Phone and 6 Months Warranty for In-Box Accessories",4.6
6,"Apple iPhone 14 Pro (Space Black, 256 GB)","₹1,29,900","256 GB ROM15.49 cm (6.1 inch) Super Retina XDR Display48MP + 12MP + 12MP | 12MP Front CameraA16 Bionic Chip, 6 Core Processor Processor1 Year Warranty for Phone and 6 Months Warranty for In-Box Accessories",4.6
7,"Apple iPhone 14 Pro (Gold, 256 GB)","₹1,29,900","256 GB ROM15.49 cm (6.1 inch) Super Retina XDR Display48MP + 12MP + 12MP | 12MP Front CameraA16 Bionic Chip, 6 Core Processor Processor1 Year Warranty for Phone and 6 Months Warranty for In-Box Accessories",4.6
8,"Apple iPhone 14 Pro (Silver, 512 GB)","₹1,49,900","512 GB ROM15.49 cm (6.1 inch) Super Retina XDR Display48MP + 12MP + 12MP | 12MP Front CameraA16 Bionic Chip, 6 Core Processor Processor1 Year Warranty for Phone and 6 Months Warranty for In-Box Accessories",4.6
9,"Apple iPhone 14 Pro (Gold, 512 GB)","₹1,49,900","512 GB ROM15.49 cm (6.1 inch) Super Retina XDR Display48MP + 12MP + 12MP | 12MP Front CameraA16 Bionic Chip, 6 Core Processor Processor1 Year Warranty for Phone and 6 Months Warranty for In-Box Accessories",4.6
10,"Apple iPhone 14 Pro (Silver, 256 GB)","₹1,29,900","256 GB ROM15.49 cm (6.1 inch) Super Retina XDR Display48MP + 12MP + 12MP | 12MP Front CameraA16 Bionic Chip, 6 Core Processor Processor1 Year Warranty for Phone and 6 Months Warranty for In-Box Accessories",4.7
11,"Apple iPhone 14 Pro Max (Space Black, 1 TB)","₹1,77,999","1 TB ROM17.02 cm (6.7 inch) Super Retina XDR Display48MP + 12MP + 12MP | 12MP Front CameraA16 Bionic Chip, 6 Core Processor Processor1 Year Warranty for Phone and 6 Months Warranty for In-Box Accessories",4.6
12,"Apple iPhone 14 Pro (Silver, 128 GB)","₹1,19,900","128 GB ROM15.49 cm (6.1 inch) Super Retina XDR Display48MP + 12MP + 12MP | 12MP Front CameraA16 Bionic Chip, 6 Core Processor Processor1 Year Warranty for Phone and 6 Months Warranty for In-Box Accessories",4.6
13,"Apple iPhone 14 Pro (Space Black, 128 GB)","₹1,19,900","128 GB ROM15.49 cm (6.1 inch) Super Retina XDR Display48MP + 12MP + 12MP | 12MP Front CameraA16 Bionic Chip, 6 Core Processor Processor1 Year Warranty for Phone and 6 Months Warranty for In-Box Accessories",4.6
14,"Apple iPhone 14 Pro (Deep Purple, 128 GB)","₹1,19,900","128 GB ROM15.49 cm (6.1 inch) Super Retina XDR Display48MP + 12MP + 12MP | 12MP Front CameraA16 Bionic Chip, 6 Core Processor Processor1 Year Warranty for Phone and 6 Months Warranty for In-Box Accessories",4.6
15,"Apple iPhone 14 Pro (Gold, 128 GB)","₹1,19,900","128 GB ROM15.49 cm (6.1 inch) Super Retina XDR Display48MP + 12MP + 12MP | 12MP Front CameraA16 Bionic Chip, 6 Core Processor Processor1 Year Warranty for Phone and 6 Months Warranty for In-Box Accessories",4.7
16,"Apple iPhone 14 Pro Max (Deep Purple, 512 GB)","₹1,57,999","512 GB ROM17.02 cm (6.7 inch) Super Retina XDR Display48MP + 12MP + 12MP | 12MP Front CameraA16 Bionic Chip, 6 Core Processor Processor1 Year Warranty for Phone and 6 Months Warranty for In-Box Accessories",4.7
17,"Apple iPhone 14 Pro Max (Gold, 1 TB)","₹1,77,999","1 TB ROM17.02 cm (6.7 inch) Super Retina XDR Display48MP + 12MP + 12MP | 12MP Front CameraA16 Bionic Chip, 6 Core Processor Processor1 Year Warranty for Phone and 6 Months Warranty for In-Box Accessories",4.7
18,"Apple iPhone 14 Pro Max (Deep Purple, 256 GB)","₹1,37,999","256 GB ROM17.02 cm (6.7 inch) Super Retina XDR Display48MP + 12MP + 12MP | 12MP Front CameraA16 Bionic Chip, 6 Core Processor Processor1 Year Warranty for Phone and 6 Months Warranty for In-Box Accessories",4.7
19,"Apple iPhone 14 Pro Max (Silver, 256 GB)","₹1,37,999","256 GB ROM17.02 cm (6.7 inch) Super Retina XDR Display48MP + 12MP + 12MP | 12MP Front CameraA16 Bionic Chip, 6 Core Processor Processor1 Year Warranty for Phone and 6 Months Warranty for In-Box Accessories",4.7
20,"Apple iPhone 14 Pro Max (Gold, 128 GB)","₹1,27,999","128 GB ROM17.02 cm (6.7 inch) Super Retina XDR Display48MP + 12MP + 12MP | 12MP Front CameraA16 Bionic Chip, 6 Core Processor Processor1 Year Warranty for Phone and 6 Months Warranty for In-Box Accessories",4.7
21,"Apple iPhone 14 Pro Max (Silver, 128 GB)","₹1,27,999","128 GB ROM17.02 cm (6.7 inch) Super Retina XDR Display48MP + 12MP + 12MP | 12MP Front CameraA16 Bionic Chip, 6 Core Processor Processor1 Year Warranty for Phone and 6 Months Warranty for In-Box Accessories",4.6
22,"Apple iPhone 14 Pro (Deep Purple, 1 TB)","₹1,69,900","1 TB ROM15.49 cm (6.1 inch) Super Retina XDR Display48MP + 12MP + 12MP | 12MP Front CameraA16 Bionic Chip, 6 Core Processor Processor1 Year Warranty for Phone and 6 Months Warranty for In-Box Accessories",4.6
23,"Apple iPhone 14 Pro (Space Black, 1 TB)","₹1,69,900","1 TB ROM15.49 cm (6.1 inch) Super Retina XDR Display48MP + 12MP + 12MP | 12MP Front CameraA16 Bionic Chip, 6 Core Processor Processor1 Year Warranty for Phone and 6 Months Warranty for In-Box Accessories",4.6
24,"Apple iPhone 14 Pro (Deep Purple, 256 GB)","₹1,29,900","256 GB ROM15.49 cm (6.1 inch) Super Retina XDR Display48MP + 12MP + 12MP | 12MP Front CameraA16 Bionic Chip, 6 Core Processor Processor1 Year Warranty for Phone and 6 Months Warranty for In-Box Accessories",4.6
25,"Apple iPhone 14 Pro (Gold, 1 TB)","₹1,69,900","1 TB ROM15.49 cm (6.1 inch) Super Retina XDR Display48MP + 12MP + 12MP | 12MP Front CameraA16 Bionic Chip, 6 Core Processor Processor1 Year Warranty for Phone and 6 Months Warranty for In-Box Accessories",4.7
26,"Apple iPhone 14 Pro Max (Space Black, 256 GB)","₹1,37,999","256 GB ROM17.02 cm (6.7 inch) Super Retina XDR Display48MP + 12MP + 12MP | 12MP Front CameraA16 Bionic Chip, 6 Core Processor Processor1 Year Warranty for Phone and 6 Months Warranty for In-Box Accessories",4.7
27,"Apple iPhone 14 Pro Max (Deep Purple, 1 TB)","₹1,77,999","1 TB ROM17.02 cm (6.7 inch) Super Retina XDR Display48MP + 12MP + 12MP | 12MP Front CameraA16 Bionic Chip, 6 Core Processor Processor1 Year Warranty for Phone and 6 Months Warranty for In-Box Accessories",4.7
28,"Apple iPhone 14 Pro Max (Space Black, 128 GB)","₹1,27,999","128 GB ROM17.02 cm (6.7 inch) Super Retina XDR Display48MP + 12MP + 12MP | 12MP Front CameraA16 Bionic Chip, 6 Core Processor Processor1 Year Warranty for Phone and 6 Months Warranty for In-Box Accessories",4.7
29,"Apple iPhone 14 Pro Max (Silver, 1 TB)","₹1,77,999","1 TB ROM17.02 cm (6.7 inch) Super Retina XDR Display48MP + 12MP + 12MP | 12MP Front CameraA16 Bionic Chip, 6 Core Processor Processor1 Year Warranty for Phone and 6 Months Warranty for In-Box Accessories",4.6
30,"Apple iPhone 14 Pro (Deep Purple, 512 GB)","₹1,49,900","512 GB ROM15.49 cm (6.1 inch) Super Retina XDR Display48MP + 12MP + 12MP | 12MP Front CameraA16 Bionic Chip, 6 Core Processor Processor1 Year Warranty for Phone and 6 Months Warranty for In-Box Accessories",4.7
31,"Apple iPhone 14 Pro Max (Silver, 512 GB)","₹1,57,999","512 GB ROM17.02 cm (6.7 inch) Super Retina XDR Display48MP + 12MP + 12MP | 12MP Front CameraA16 Bionic Chip, 6 Core Processor Processor1 Year Warranty for Phone and 6 Months Warranty for In-Box Accessories",2.3
32,"(Refurbished) Infinix Note 12 Pro 5G (Force Black, 128 GB)","₹12,799",Grade: Refurbished - SuperbCompatible Charger & Cable8 GB RAM | 128 GB ROM | Expandable Upto 2 TB6.7 inch Full HD+ AMOLED Display108MP Rear Camera | 16MP Front Camera5000 mAh BatteryMediatek Dimensity 810 5G ProcessorSeller warranty of 1 Year,4.7
